record_id,Study_ID,Related_Entities
rec01xkVnPNb3s6ce,DEM2016,"TSC2, lysosome, stress"
rec0FN7kPUpOv9cat,INOK2003,"Rheb, TSC2 (GAP)"
rec0Htllag8qTyRB4,INO2002,PI3K; Akt/PKB; TSC1/TSC2; mTORC1
rec0iqPBrFTHht4zq,LOF2011,ULK1; AMPK; Autophagy
rec0t9OCPe4Fa74bt,KIM2003,mLST8; mTORC1; Raptor; mTOR
rec1Qkbx7QrjrJGrF,GWI2008,AMPK; Raptor; mTORC1; TSC1/TSC2
rec1h22TN0KwTE78i,VITTE2026,"everolimus, mTOR inhibitor, calcineurin inhibitor, cardiac allograft vasculopathy, kidney function"
rec1w0m1Hm8jcE6ES,VIL2021,"mTORC1, MAT2A, S-adenosylmethionine, WTAP, m6A, c-MYC"
rec2Bgn8vmCMpZbRA,SIL2026,mTORC1; Rheb; T cell differentiation; Immune function
rec2Cu2S2HsafRYNp,BRO1996,Growth hormone / IGF-1 axis; Longevity
rec2QYsoqbQpSFo9x,RIV2026,Rapamycin; Immune function; PI3K
rec2YdwVZxd8mvU2l,KOR2011,Lysosome; mTORC1; Autophagy
rec391snzMPPVCpVv,HSI2012,mTORC1; 4E-BP1; Prostate cancer
rec3HVpZfoP0ChBgM,BOU2020,mTOR
rec3Px3o3eMEwXGzd,CHEN2026C,"TSC2, mTORC1, chaperone-mediated autophagy, LAMP2A, midnolin (MIDN), cellular senescence, rapamycin"
rec3RZPFcS0XOk5sE,JAC2006,"SIN1, rictor, mTORC2, Akt"
rec3VFfMhLtHwmXb8,BOB2026,mTOR; mTORC1; mTORC2; autophagy; longevity; geroprotective interventions
rec3YxiqIwRCWQy8y,ALI2020,"ERK2, RAS, PFAS, purine, mTORC1"
rec3bdrglkiZ4HGeW,CHI2012,"mTOR, T cell fate"
rec3kNKGDn68hqkK7,KRA2018,Rapamycin; Longevity; Immune function; mTORC1
rec3zT5wm1Qcq31Oi,XIA2026,mTOR; AMPK; Longevity
rec4DIjkTAfaPMkSk,MAX2009,"mTOR, translation, 4E-BP, S6K"
rec4GBNhnX5q0Dljv,HEI1991,mTOR; Rapamycin
rec4eUYT87bZd7BJS,FON2010,Caloric restriction; Longevity; mTORC1; Growth hormone / IGF-1 axis
rec4eYA0wfmIxhFyT,CAS2009,"mTOR, Wnt, stem cells, aging"
rec4trV61NErS0JEa,SAC2011,"Rac1, mTORC1, mTORC2"
rec4yiUGg7OSdllYN,WOL2015,"Sestrin2, leucine sensor, GATOR2"
rec5D69dVQN6Mx6fN,OKA2013,mTOR; Everolimus
rec5sA7c8ClCSKoYu,YIN2026,"SLC36A1, PAT1, lysosome, amino acid transport, mTORC1"
rec5vWSrUstuoiiU2,JEW2015,"glutamine, Arf1, Rag-independent"
rec5x6dpL153GeJ6L,BCH2026,Rapamycin; mTORC1
rec61cwwk386x930g,ZHO2001,Metformin; AMPK
rec6A3ORIHXjIV4I1,SZW2021,"mTORC1, mTORC2, metabolism"
rec6FWA9TwQH7bT0G,ARR2015,"rapamycin, intermittent dosing"
rec6G6fnRLHQvGVr4,GOU2023,"mTORC1, nutrient sensing, lysosome"
rec6TaFoJQuZGQEKN,EFE2012,"RagA, mTORC1, neonatal autophagy"
rec6dOJ4dlDVCsvJl,MAN2014,Everolimus; Immune function
rec6p332Kfu6pqUw4,GUR2017,"mTORC2, lipid synthesis, cancer"
rec6q8RGGfuHGULPm,CHU1992,"Rapamycin, FKBP12, p70 S6K"
rec6rfl70S1rwkHKM,SCI2014,"mTOR, heart"
rec6vME2CmG6r0j8Z,WANG2026,mTORC1; Amino acids; Lysosome; Macropinocytosis; Integrated stress response
rec8D1eezOylJ1qxF,BEN2008,"raptor, rictor, muscle"
rec8jFOYldSUo8ULJ,SAB1994,mTOR; Rapamycin
rec8wN3uHV8ZToahP,UMX2004,"S6K1, obesity, insulin"
rec8xUal5BlFTTTfi,SAR2006,mTORC2; Rapamycin; Akt/PKB; Rictor
rec9AHsnHOtH72ZvS,EVA2026,mTORC2; mTORC1; PTEN; RICTOR; RAPTOR
rec9Sny9D10lHYP7M,GUR2016,"mTOR, drug resistance, cancer"
recA0Fipqbk89JyQw,MOR2013,"mTORC1, 4E-BP, TFAM, mitochondria"
recAGA2VpywfAcVrl,FEL2009,mTORC1; mTORC2; PP242; Rapamycin; Akt/PKB
recAJUW3nAv7BKMoi,IYE2012,"mTOR, TSC1, everolimus"
recANuF6UwQjDhNuG,HOL2005,"mTOR, S6K1, eIF3"
recAboxFbohBJlkSH,EGA2010,"ULK1, AMPK, mitophagy"
recAchIuGCNQq8Kk0,SRI2026,mTOR; Mitochondrial biogenesis; Muscle growth
recAjNgK7Osld0ZoR,LIU2015,"mTORC2, PIP3, SIN1 PH domain"
recAkmthPJSmvy0UC,MAN2021,RTB101; Immune function; mTORC1
recAsXhdkYtjEaKhn,JOS2024,mTORC1; TSC complex; Autophagy
recAvTh6lI36XDmKX,AWARE2026,Rapamycin; Longevity; mTOR
recBFHEw7g9i85JKv,SAN2008,Rag GTPases; mTORC1
recBK5Fu5sekZ88xA,ORE2006,"mTOR, Akt, RTK, IRS-1"
recBeGsB5wplneNKt,LAW2019,"FLCN, RagC, GAP checkpoint"
recBu13rFI6vbzMGM,YAN2026B,AMPK; mTOR; Autophagy; Cellular senescence; LKB1 (STK11)
recC0rJqHPuJKNPYZ,BAR2012,"Ragulator, Rag GTPases, GEF"
recC4sy7lgaONNayM,SOL2014,Macronutrient ratio; mTORC1; Longevity
recCA12iJzdCsG6v3,MOT2008,Everolimus; Renal cell carcinoma
recCEjxAEPIqtxARt,JAN2010,"PP242, TORC1/2 inhibitor, leukemia"
recCEuU6SzFphu5nK,BUR1998,"mTOR/RAFT1, p70 S6K, 4E-BP1"
recCSqq8lNZEBk3c3,KUB2012,Akt/PKB; S6K1; mTORC1
recCdIdRkygk0XIoS,SAX2017,mTOR; mTORC1; mTORC2
recCeDWleEfH4oOUh,SAB2017,"mTOR, nutrients, growth"
recCk7Npl1k0ZXkSS,STR2012,Resveratrol; Green tea extract; Curcumin; Oxaloacetic acid; MCT oil; Longevity
recCmz95qc9IMyHdZ,BRU1999,"Akt, FOXO, FKHRL1, apoptosis, 14-3-3"
recCuUu3AZ7YhQAoF,DOR2006,"S6K1, PDCD4, betaTRCP"
recCw149f4OjbGnJS,HAR2014,Acarbose; Longevity
recD5jNlX2hyAS1qJ,MAN2018,RTB101; Everolimus; Immune function; mTORC1
recDOKp1gLrUAyzld,SANG2026,PKM2; GATOR2; mTORC1; methionine
recDR1AY40yzouWmn,LIU2020,mTORC1; mTORC2; Longevity; Autophagy
recDksrmz0xNzqMIy,SAR2004,mTORC2; Rictor; mTOR; Akt/PKB
recDwA7CYTaUvMfyV,LAB2015,mTORC1; Rapamycin; Cellular senescence; 4E-BP1
recEC018q6VajtI40,KIN2026,mTORC1; T cell differentiation; Immune function
recECCNZLOt9YIPf6,MAR2012,mTORC1; TFEB; Autophagy; Ragulator
recERrb34VtLy2jPu,KNO2026,"mTORC1, protein restriction, methionine, isoleucine, valine, BCAA, nutrient sensing, senescence, GCN2/ATF4"
recEUqsLnOYvruwov,PAR2014,"Sestrins, GATOR2, mTORC1"
recEcr295euEFDpRf,KIM2019,"mTOR, nutrient signalling"
recF7Hc40EueOmTN3,VAL2019,"mTORC1, metabolism"
recFBBlPBfVUfig0q,HON2026,"TM6SF1, LAMTOR1, mTORC1"
recFTfpbqLVaSnit9,HU2026,mTORC1; LAPTM4A; NEDD4L; AKT; p70S6K; 4EBP1; cardiac hypertrophy
recFZrr7QtlBbiFig,FRI2006,"mSin1, mTORC2, Akt"
recFbaDCwPJSm23Ig,YAN2006,"Sin1, TORC2, Akt"
recFs8qjfCZ9vwfPG,GUE2007,mTORC1; mTORC2; Renal cell carcinoma (RCC)
recG5MXcbdanBaoKl,BEN2013,"mTORC1, S6K1, CAD, pyrimidine"
recG7aijfhHBoSTGn,KHA2014,mTORC1; Rapamycin
recG8lnqaGl1kOveY,BAT2022,"mTOR substrates, phosphorylation"
recGH3MF4cLhQkoX7,BJE2010,Rapamycin; mTORC1; Autophagy; Longevity
recGI0z9Wd8AR1UTC,NAP2020,"TFEB, RagC/D, FLCN, Birt-Hogg-Dube"
recGW5XLZW65ttiaZ,CUI2025,mTORC1; Rheb; Rag GTPases; Ragulator; Raptor; lysosomal membrane
recGWVT6500Z06nND,CAC2010,mTORC1; Rapamycin; Alzheimer's disease; Autophagy
recGg3pUB0xp9EGfi,BIS2013,Everolimus; Tuberous sclerosis complex; Lymphangioleiomyomatosis; mTORC1
recGm4V3d4rA945uT,GUE2020,mTORC1
recGqIranw2I5YDg0,DEMMINGS2026,"ATF4, SESN2, DDIT4/REDD1, TRIB3, mTORC1, mTORC2, integrated stress response, PUMA, dopaminergic neuron"
recGwQvnNVerX3VbX,MOS2018,"mTOR, cancer metabolism"
recHD2Mi3UWbYDwbD,BETZ2013,"mTOR, subcellular localization"
recHEPJpuycfvhDPE,EIS2016,Autophagy; Mitophagy; Spermidine; Longevity; Cardiac aging; Atg5
recHkUdd3PUslm2RQ,BYF2005,mTORC1; S6K1; 4E-BP1; AMPK; PI3K; Vps34 (PIK3C3)
recIOrm98bWqLcjJU,HARA2002,mTORC1; Raptor; mTOR; S6K1
recIXjF7nNjumpvaO,ZEN2013,"mTORC1, Treg, metabolism"
recJ1iFDFn9MXy4EU,ROD2011,"mTOR kinase inhibitor, AKT feedback"
recJ7HqwH1PK0IWM2,NAT2026,"mTOR, Everolimus, PI3K/AKT/mTOR, PD-1/PD-L1, Tumor immunity, HNSCC"
recJkhOWbaqqZ2E2c,NAR2011,mTOR; mTORC1; Autophagy; Cellular senescence; Lysosome; Rag GTPases
recJmO1DtlsWNssVH,VAL2017,"mTORC1, nucleotide synthesis, replication stress"
recK0Ks4IGcYHCiwB,PRE2021,TSC1/TSC2; mTORC1; Lysosome; Breast cancer
recK4gOXohbtuAfdh,HAN2008,Autophagy; Longevity; Caloric restriction; mTOR; FoxO
recKocMuhAkIH0j7G,KRISTIANSEN2026,mTORC1; S6K1; 4E-BP1; Muscle growth
recL72MDx8Pac2vzE,KEN2016,mTORC1; Longevity; Insulin resistance
recL7zCLxk49IppTI,HAL2012,Rapamycin; mTORC1; Cognition; Longevity
recLNhCvlOk7ZjEKG,LAP2012,mTORC1; mTORC2; Longevity
recLZSuzK0mHl4gZB,MEN2023,mTORC1; mTORC2; 4E-BP1; Breast cancer
recMHhycSQ2zjAe2C,KUB2018,Akt/PKB; S6K1; mTORC1
recMdXH3k2eLM8dxk,POL2008,"raptor, mTORC1, adipose"
recMh0ojhRrjY0hJt,KIM2008,"Rag GTPases, TORC1, amino acids"
recMpGYs4HOk9nE6p,GUE2006,mTORC1; mTORC2; Raptor; Rictor; mLST8; Akt/PKB
recNLnPLOAinJGojS,HE2026,mTOR; Akt/PKB; Cellular senescence; Longevity; S6K1
recNSgcPSqZW2DHbO,HSI2010,"4E-BP1, eIF4E, mTOR"
recNhU2bJhIwxnWvr,GAR2003,"Rheb, TSC1/2, S6K, 4E-BP"
recNp7amnYpl8XPZv,SIN2013,"SLC7A5, System L, amino acids"
recNtfCh1nVbyPJvd,KRU2010,Everolimus; TSC1/TSC2
recNwZgC18LHp5vUd,SAX2016,"CASTOR1, arginine, GATOR2"
recO6rich3mCUBBT1,SAU2003,"Rheb, insulin/TOR"
recO7kKKFdorOuqvg,WANG2026C,mTOR; mTORC1
recODXcvM3KLGIq4j,SUN2026B,mTOR; DEPTOR; OTUB1; ERK; ANXA2; TRIM29; autophagy; MASLD
recOK2gDO4w87DF8w,ROM2016,Caloric restriction
recOfPG9Bg0hDi4SA,CHU2019,Rapamycin; Skin aging; Cellular senescence; mTORC1
recP33zt3I20HiXhC,SCH2025,mTORC1; mTORC2; 4E-BP1; S6K1
recPO5ygv2z9LGHIL,JAC2004,"mTORC2, rictor, actin"
recPVjN8PSFLpJZ16,ROD2016,"RapaLink-1, mTOR resistance mutations"
recPdg2latK4H9Maa,TSU2013,"FLCN, FNIP, RagC/D, GAP"
recPqn6ZwvgVXzJjF,MAN2016,mTORC1; Lysosome; Amino acids; Sestrin2
recQ8gp21NNwBerba,LEI2018,"SLC38A9, arginine, transporter"
recQLsIFt85i2Z6Xk,BAS2012,Everolimus; Breast cancer; mTORC1
recQQxvPIOmoXx85U,SHE2019,"FLCN, FNIP2, Rag, Ragulator"
recQRhQecNjPkL7pJ,KAM2000,mTOR; Autophagy; ULK1; Rapamycin
recQVzVup0IIwWZKC,KAE2005,mTOR; Longevity
recQcoM3oUoxdscGD,SAX2015,Sestrin2; mTORC1
recR0WmrBrkY3UxVd,CHA2014,"Sestrins, GATOR2, amino acids"
recR9MCumK1ni1WBl,EHN2008,"TSC2, mTOR, learning"
recRQkC6AFRbDGIAU,KUO1992,"Rapamycin, p70 S6K, IL-2"
recRWuNDAUeF1wRKt,GUE2009,"mTORC2, rictor, Pten"
recRi8r35BW3WChlN,INO2006,"TSC2, AMPK, GSK3, Wnt"
recRifGxz2fZ4998r,CAN2002,PI3K; Akt/PKB
recRtPcM84rsOvA49,CUN2007,mTORC1; Raptor; Mitochondrial biogenesis; Rapamycin
recS38GWizgqQwbC3,YUX2010,"mTOR, autophagic lysosome reformation"
recS6TfKk0t9AudIG,GOR2026,Rapamycin; Metformin; Longevity
recST3SNbHnO16TaJ,MAJ2004,"Akt, mTOR, prostate neoplasia"
recSWfMI8tX8qTtyz,DEL2011,"mTORC1, mTORC2, Th differentiation"
recSfpcsnTvbGyOqf,BAR2016,"mTOR, dimer, architecture"
recSxxMKBMuGEYRBj,KEL2024,Mitophagy; p62/SQSTM1; Cellular senescence; Rapamycin
recTAUlPc20VZgqvw,TID2026,mTOR; pS6; PIK3R3; HIP1; CRISPRi; focal cortical dysplasia; GDNF
recTCl38beA7bopNJ,GUE2022,TORC1; PKA; Ribosome biogenesis
recTFnh8w8i9fe8tm,LOE2002,"TOR1, TOR2, TORC1, TORC2"
recTLmKkEzBDyZcYy,BIS2008,"sirolimus, angiomyolipoma, LAM"
recTpI8Yj5KGxwNoE,SPA2023,mTORC1; TFEB; AMPK; AKT
recTqENeNAXn9Nd9o,ROC2012,"TFEB, mTORC1, lysosome"
recUXDLF9CNtyaciN,SCH2003,"raptor, 4E-BP1, TOS motif"
recUlodFMxNeBoGvh,GAR2009,"Ku-0063794, mTOR inhibitor"
recUw8W4MjwAElwrG,CAO2026,FLCN / FNIP1/2; mTORC1; Rag GTPases; Renal cell carcinoma (RCC); Lymphangioleiomyomatosis
recV7IKdWLsQfqtNw,VEZ1975,Rapamycin
recV7ukT0NTbeZhoD,YAN2013,mTOR; FKBP12; Rapamycin
recVdLRh6NQbVxeF7,WOL2017,"KICSTOR, GATOR1, lysosome"
recVe6W1YsrZ9uBXU,BET2013,"mTORC2, Akt, MAM, mitochondria"
recVhCCIWKDtYOODx,OSH2007,"PRAS40, mTORC1, raptor"
recVltrif6rYEA9Gq,RAV2004,mTORC1; Autophagy; Huntington's disease
recVlw2EwjZh9ElM9,HEN2026,"mTOR, alveolar macrophage, PPARgamma, pulmonary alveolar proteinosis, mTOR inhibitor toxicity"
recVzEv9RAitFOmNN,MCC2011,Rapamycin; Lymphangioleiomyomatosis; mTORC1
recW8iUqbackDrHBw,BOD2001,"Akt, mTOR, PKB, muscle"
recWAmmcy9JS3b24x,DIB2012,"TBC1D7, TSC1/TSC2"
recWP8HbDafOx5slV,BIT2016,Rapamycin; Longevity
recWSerR3ss7RRqTO,THO2009,mTORC1; Torin1; Rapamycin; 4E-BP1
recWoowee1z3kNmnP,LAM2012,Rapamycin; mTORC2; Insulin resistance
recX49pfXM4oCDTRL,BAR2013,GATOR1; GATOR2; Rag GTPases; mTORC1
recXNCUaAPxeXQdts,CHE2018,"mTORC2, Rictor, structure"
recXPTgRWnePIVLHk,SET2012,"TFEB, mTOR, lysosome"
recXTT6YaSX4InbGa,RAM2018,mTOR; TSC1/TSC2; Rapamycin
recXTby8V8dCUo1X3,ANA2019,"Rag GTPases, mTORC1"
recXwKyJdv1xUYSI1,LON2005,"Rheb, mTOR"
recYhORRCZzhkBTvR,SHI2014,"mTOR, metabolism"
recYhfSQ1bcxBMQuH,JOH2013,mTORC1; Longevity; Rapamycin
recZ24bgXNCuxI1Lt,DRU2009,Rapamycin; mTORC1; Muscle growth
recZ2OenSDnzlEdOl,PAU2025,mTOR; APC/C; Glycolysis
recZB0hEnTUJfFqDd,LIP2015,S6K1; mTORC1
recZPgfmrejl4nNAJ,NEF2013,"rapamycin, aging, lifespan"
recZZdLU89m8O5AV9,FOK2014,"rapamycin, lifespan, liver transcriptome"
recZdsFOLinVEa31K,WAG2014,"mTOR mutation, rapalog, bladder"
recZlwk5iUYp12AGZ,REB2015,"SLC38A9, lysosome, arginine"
recZvpaoVmud0BrWW,WEI2008,"TSC-mTOR, innate immunity"
recaBwSLXX6m3amGB,NOR2026,"mTOR, insulin signalling, hippocampus, Down syndrome, Alzheimer's disease, dentate granule neurons"
recaD49MvZFzPLru8,SCA2020,"mTORC2, Rictor, InsP6"
recaG789rsVd43UK7,WUX2013,"mTOR, aging, lifespan"
recaYKouciY9ruUoB,OKI2021,mTORC1; Acute myeloid leukemia
recaZZ9nOAKI2XV43,POW2006,"TOR, Sch9, chronological lifespan"
recaaYPgYql1sYazE,SAB1995,"mTOR, FKBP12, rapamycin"
recamNe0BG3Hnj0iL,ZHO2015,mTORC1; Lysosome; Leucine
recavyZ1uGI5vJQd2,SAN2007,PRAS40; mTORC1; Raptor; Akt/PKB; Rheb
recb1m61VGG4Z9XMA,HSU2011,"mTOR, Grb10, phosphoproteome"
recb9fbVM8srN7U9K,INO2003,TSC1/TSC2; AMPK; mTORC1
recbSwE3quFbh2R42,WIL2012,Rapamycin; Longevity; mTORC1
recbXxiKfK42EyT5f,HOX2019,"PI3K, AKT, mTOR, cancer"
recbs9J1oKXHT6MZj,WYA2017,"SLC38A9, arginine, leucine efflux"
reccZYN44WxXqWXWA,SPI2010,Rapamycin; mTORC1; Alzheimer's disease; Autophagy
recczZI9A495su6ED,ROB2013,"mTORC1, pyrimidine, phosphoproteomics"
recdKLfQt8LqgaShQ,MUT2026,mTORC1; Rag GTPases
recdltAuoXxcA55lC,ROM2001,Akt/PKB; mTORC1; Muscle growth
recdv4XfAAZpyrQNc,SUX2017,"RagA/C, Ragulator, mTORC1"
recdxYxzw5MapeeCg,LEE2024,Rapamycin; Everolimus; Longevity; Immune function
receqluB0lO1vnf0D,CUI2023,mTORC1; TFEB; Rag GTPases; Ragulator; Raptor; FLCN
recerDZAnfBUtitVq,MOE2025,Rapamycin; Longevity; Muscle growth
recexGtwZIOqvZ8ZR,EIS2009,Autophagy; Longevity; Caloric restriction; Spermidine
recf5Sp92vcZ0hr6v,FLY2013,Rapamycin; Cardiac aging; Longevity; mTORC1
recf7KAJkQ3volp30,ZHO2009,"PTEN, mTORC1, rapamycin, brain"
recfhs9I5KjBO55r9,VEL2003,mTOR; Longevity
recfsUGqIKDHQs2VK,JAC2026,"Rapamycin, Longevity, mTOR, TOR inhibition, Drosophila lifespan"
recg14gNXZS8qaFYr,NAZ2013,"ULK1, AMBRA1, TRAF6"
recgJSdtF0V7Gohpx,SAX2026,"Tuberous sclerosis complex, Everolimus, mTOR, neuropsychology"
recgM9nKURc1H4kTT,KAP2004,mTORC1; TSC1/TSC2; Longevity
recgPFenUd5keyLK3,WAN2015,"SLC38A9, arginine, lysosome"
recgQIYaCLuZ8ebjB,SHIM2026,Sestrin2; mTORC1; Leucine sensing
recgUszC1ucJmkmXd,CAR2008,"mTORC1, MAPK, PI3K feedback"
recgZcvdAHvIqFieU,CHA2016,CASTOR1; GATOR2; mTORC1
recghU4llWRZdKZnL,DIB2015,"mTORC1, PI3K"
rech5ooNoYWfSoiCs,DIB2013,"mTORC1, nutrients, biosynthesis"
rechMsV45lnPg6ynI,ULL2026,"FLCN, mTORC1, TFEB, Autophagy, p62/SQSTM1, Birt-Hogg-Dubé syndrome, Renal cell carcinoma"
rechciKZUb3PLBRbh,KAH2000,Rapamycin; Kidney transplant
rechi6ceS9DrZhDkb,ROB2012,"TOR, rapamycin, SKN-1, DAF-16"
recho6vey7nWwXSrW,MIL2011,Rapamycin; Resveratrol; Simvastatin; Longevity
reciB7LlulMih1omu,SEL2009,S6K1; mTORC1; Longevity
recidcs2hYAneYRSf,YAO2011,Everolimus; Pancreatic neuroendocrine tumor; mTORC1
recimckIQSnB4dWJb,LAW2018,"Rag GTPases, Ragulator, affinity switch"
recipUqy1DZBDiWrO,MAT2017,Caloric restriction; Longevity
recj5FgK8Dubzx5me,GIN1999,"4E-BP1, phosphorylation, eIF4E"
recjKpWbNcuhm8nt0,BEN2016,"mTORC1, purine, mitochondrial folate"
recjRtR5QhDGB1qjJ,LV2026S,"USP7, TSC1/TSC2, mTOR, kidney fibrosis"
recjS1ZJJN07wEe8L,MEI2008,"TSC1, mTOR, rapamycin, brain"
recjeTw61euF4RfNS,GRA2014,"MTOR mutations, cancer"
reckBZ7J4GWZsOAVA,AYL2015,"mTORC1, structure"
reckXBFeODbeUziCz,BAN2014,Metformin; Longevity
reckZFPDlbo3ZGUeP,KAR2017,"TORC2, yeast, architecture"
reckeAESisrE9NoOi,BAB2025,Leucine/BCAA restriction; Alzheimer's disease
reckocnarWADQktEv,CHE2008,TSC1/TSC2; mTORC1
recl1wj9HLFDr42nU,DEM2014,"TSC2, lysosome, amino acids"
recl5db8ChgowGlvT,PEREZ2026,geroprotectors; lifespan; conserved longevity pathways
reclBOB6yn6bnkd04,SAN2010,mTORC1; Ragulator; Rag GTPases; Rheb
reclBa4RS7HmzsIpW,ZON2011,mTORC1; v-ATPase; Rag GTPases; Ragulator
reclZFc0cu5xi20Fu,ROG2019,mTORC1; Raptor; Rag GTPases; Ragulator; Rheb
reclb9mXNu9PPmIm4,WOLF2017,"amino acid sensors, mTORC1"
recld5W73MWNghluv,LIX2010,"mTOR, ketamine, synapse"
recldns4kxIiLTptj,POW2011,"mTOR, T cells, immunity"
recmB4BGexGbqqG60,ZIN2011,"mTORC2, ribosome, PI3K"
recmYPFjvS2qFmiwm,PEN2017,"SZT2, GATOR, mTORC1"
recmmE2WMT03LtYMH,TAN2024,mTORC1; Rapamycin; Huntington's disease
recn00shA95B26vl5,HUD2007,Temsirolimus; Renal cell carcinoma
recn3NUjytNm8JO7B,CAR2017,mTORC1; Cellular senescence; Autophagy
recn4gaz9CXnHQWSK,THO2012,mTORC1; 4E-BP1
recnBYQEq9uyZjtN3,WUL2006,"mTOR, TORC1, TORC2"
recnBbgIh5xL1MxNf,URF2017,Rapamycin; Longevity
recnHDO65JLsC6o0R,JUN2015,"SLC38A9, amino acids, mTORC1"
recnMDw0JPsCDOleJ,HOW2017,Metformin; AMPK; mTORC1; TSC1/TSC2
recnRLXonyxBelCjv,HAN2025,Rapamycin; Longevity
recnyncZT6tMQY65R,BRO1994,"FRAP/mTOR, FKBP12, rapamycin"
reco6F3gNdFRv7Si3,DAL2016,AMPK; mTORC1; mTORC2; PI3K; ULK1; Autophagy
recoG7hYKn5cLqYrP,SHE2018,"GATOR1, Rag GTPases"
recofyhNy3Liz1ptw,FIN2002,"mTOR, S6K1, 4E-BP1, eIF4E"
recog5az4AhmqRUTU,ALS2026,"DAF-2, insulin/IGF-1 signalling, lifespan, sex differences, healthspan, germline"
recpIP5eBm2ru4CGC,KIM2002,mTORC1; Raptor; mTOR; S6K1
recpOJ1kPnEdFiBPG,CHO1996,FKBP12; Rapamycin; mTOR
recpRPfIFKm5foVaX,ZON2010,"mTOR, cancer, diabetes, ageing"
recpX2lm71qwtdwlj,PET2011,"mTORC1, lipin1, SREBP"
recpa9njN4sKP4XD7,DEL2009,mTORC1; mTORC2; T cell differentiation
recpcRNZORK5D9hYy,CHR2009,"AZD8055, mTOR kinase inhibitor"
recpfqjTKpHOb9ae4,BAR2023,Rapamycin; Longevity
recpxCmKtLqWpuh76,GAR2008,"mTORC2, SGK1, hydrophobic motif"
recq5cLHKnQrTN9z9,PYO2013,Atg5; Autophagy; Longevity
recqMqtbaH0LtGcGT,NOB2005,mTORC1; Raptor; Rheb; PI3K; Vps34 (PIK3C3); Leucine
recqSmv00tPYVxVcQ,ABU2017,mTORC1; Lysosome; v-ATPase; Leucine; SLC38A9
recqWtQUvS1e3Wsdk,MEL2003,Autophagy; Longevity
recqpJAnMEvzpBleO,PRI1992,"Rapamycin, p70 S6K"
recqujqUW0cltHFnN,MEN2014,"TSC complex, Rheb, lysosome"
recr2i8MriMWwF3lZ,SEN2010,"mTORC1, ketogenesis, PPARalpha"
recr3sUcP75tegGwc,VAN2007,"PRAS40, Akt, mTORC1"
recr5GyN3lfu2GRet,FAN2026,"mTORC1, 5'TOP mRNA, ribosome biogenesis, translational control"
recr6IkHflqMr5ZZT,GIN2026,mTORC1; S6K1; IRS1; AKT; Cell cycle
recrFSb29Pnlzht1K,CON2021,"mTORC1, mitochondria, AMPK, HRI, ATF4"
recrRvDlw4HBDlUMn,HAR1998,"mTOR, amino acids, p70 S6K, 4E-BP1"
recrTDF3qEc5x82tO,GAO2026B,"Tuberous sclerosis complex, Everolimus, mTOR, renal angiomyolipoma"
recrXGgOGnCxL2F5x,WAN2011,"Myc, T-cell metabolism"
recrdkn9syfJidCd9,COL2025,Rapamycin; Longevity
recrjOzFjrcRX7sQ7,COR2018,Rapamycin; NF-κB; Cellular senescence; Cognition
recrvpzLsMkOjy47n,YAN2017,"mTORC1, RHEB, PRAS40"
recs2i4RGhVIfeGAn,SAR2005,mTORC2; Akt/PKB
recsMUGXdWjBkeg4y,PET2013,"folliculin/FLCN, lysosome, amino acids"
recsMc4AxFPLLcbfK,BRU1997,"mTOR, 4E-BP1/PHAS-I, eIF4E"
recsX7C5r01fyODVJ,DAL2012,mTORC1; mTORC2; TSC1/TSC2; PI3K; Akt/PKB; S6K1
recska50yKR1aufZo,SET2011,TFEB; Autophagy; mTORC1
recsnGM0DZ63NfKRJ,ARA2009,"mTOR, CD8 T cells, memory"
rect8DcQKR3S6SDLm,BLA2006,mTORC1; Longevity
recuA7MqpKpCMFyvG,KIM2012,"SH3BP4, Rag GTPases"
recuSFDFKFIgYzaWW,GU2017,SAMTOR; GATOR1; mTORC1
recuXn353P2vVLBjb,HOS2009,mTORC1; ULK1; Autophagy
recugoqPzVR32nB69,YUX2011,"mTORC1, Grb10, IRS-1"
recukzU2V53AO6H4A,PAN2013,"SEACIT, TORC1, Rag/Gtr"
recvFeSTAad9cNXIu,MIL2014,"rapamycin, lifespan, sex"
recvV56u2LLI0BGJx,POR2008,"SREBP, mTORC1, Akt, lipogenesis"
recvc5GfvNEE0FPRK,GAN2009,"ULK1, ATG13, FIP200, mTOR"
recvoVVzEO0MKFfXh,BRU2004,"REDD1/DDIT4, TSC1/2, hypoxia"
recwFeXK5Mr6jLGZM,DEM2009,Rapamycin; mTORC1; Cellular senescence
recwRWn64homYsptH,DUR2012,"glutaminolysis, Rag, alpha-KG"
recwef5HQ2I7LCZqW,TEE2003,TSC1/TSC2; Rheb; mTORC1
recwisR7QUN2cYLOR,ARI2015,mTORC2; Akt/PKB; Rictor; Lysosome; Autophagy; Chaperone-mediated autophagy
recwjftWj2Jr8CqBU,ALI2022,"mTORC1, S6K1, eIF4B, SLC4A7, bicarbonate, purine, pyrimidine"
recx59H4rw3zrG5V1,STO2003,"Rheb, S6K, TSC"
recxBOGByHT70tswj,LEE2026,"mTOR, ERBB4, Alzheimer's disease, synapse loss, microglia, astrocytes, reactive gliosis, tau"
recxQMj4ZxTGbSEHC,HAR2009,Rapamycin; mTORC1; Longevity
recxihk1cqR2v2DSB,ZID2009,4E-BP1; Caloric restriction; Longevity; mTORC1
recxrFQLzpRsoPcbE,KIM2011,AMPK; mTORC1; ULK1; Autophagy
recxstz7XycOpC9wP,LIP2017,TSC1/TSC2; Tuberous sclerosis complex; mTORC1; mTOR
recy3aGAsjW8QMytS,POU2013,Resveratrol; Insulin resistance
recy3sUCQhIlfw4ez,THE2026,mTORC1; Neural stem cells; Quiescence
recy4C63sI2mjdsE4,STU2018,"mTORC2, Rictor, SIN1, mLST8"
recyR6xFZ0wmrfE5S,KUS2026,CASTOR1; mTORC1
recyhoOBEjD1iTEQJ,NCT05835999,Everolimus; Longevity; Insulin resistance
recynQ83jeiJiN3jw,NOJ2003,"raptor, mTOR, TOS motif"
recyoF38fMYbSFHuy,HAL2026,mTORC1; AMPK; Autophagy; ULK1; Protein synthesis; Rapamycin; Metformin
recz0Uppst01m4Hpi,HE2025,mTORC1
reczARNI2VfHUOWFv,FRA2013,Everolimus; Tuberous sclerosis complex; mTORC1
reczN9XOq7dX5Gj2B,GAN2011,"mTORC2, PIP3, PI3K"
reczRkRXO3HUjaiDa,GOB2016,"amino acid transporters, mTORC1"
reczdhKqhNUgNe2HE,ABR2026,p62/SQSTM1; Autophagy; ULK1
reczgRxUmVb7B5cE7,HAN2012,"Leucyl-tRNA synthetase, leucine, mTORC1"
reczlWHrQSNa1Z6lH,LU2026,mTORC1; GCN2; Amino acids; Ribosome biogenesis; Integrated stress response
reczuQ0rnQYbwWgZT,CHE2009,"mTOR, HSC, aging"
reczwljNDQEbHAdCD,PET2009,DEPTOR; mTORC1; mTORC2; Akt/PKB
