sid,tier,chars_total,chars_abstract,chars_unique,ratio_unique,n_entity_links,has_extracted,has_academy_link
ABR2026,D,2662,1384,305,0.1146,0,0,0
ALS2026,C,2925,1333,492,0.1682,0,0,0
ANA2019,D,2211,901,668,0.3021,0,1,0
ARA2009,C,2990,1767,653,0.2184,9,1,0
ARR2015,C,3409,1598,1168,0.3426,0,1,0
AYL2015,D,2073,866,648,0.3126,0,1,0
BAB2025,C,3116,1297,1093,0.3508,9,1,0
BAN2014,B,3833,2139,919,0.2398,10,1,0
BANERJEE2026,D,1848,315,823,0.4453,9,1,0
BAR2012,D,2448,995,321,0.1311,1,1,1
BAR2013,D,3053,1257,547,0.1792,2,1,1
BAR2016,D,2327,1004,662,0.2845,0,1,0
BAS2012,B,3901,2216,935,0.2397,11,1,0
BAT2022,D,2039,866,622,0.3051,0,1,0
BCH2026,C,3226,1612,928,0.2877,10,1,0
BEN2008,C,2505,1080,770,0.3074,0,1,0
BEN2013,D,2196,845,694,0.316,9,1,0
BEN2016,D,2396,1018,715,0.2984,9,1,0
BET2013,D,2523,1020,683,0.2707,0,1,0
BETZ2013,D,1950,721,619,0.3174,0,1,0
BIS2008,B,3030,1677,650,0.2145,9,1,0
BIS2013,B,4063,2373,899,0.2213,11,1,0
BIT2016,C,2370,997,748,0.3156,11,1,0
BJE2010,C,2325,953,715,0.3075,12,1,0
BLA2006,D,3014,1622,776,0.2575,11,1,0
BO2026,D,1907,360,789,0.4137,10,1,0
BOD2001,C,2694,1246,332,0.1232,1,1,1
BOU2020,D,3002,1289,968,0.3225,9,1,0
BRO1994,D,2423,1153,677,0.2794,0,1,0
BRO1996,C,2032,607,860,0.4232,9,1,0
BRU1997,D,2133,832,684,0.3207,0,1,0
BRU1999,D,2420,798,960,0.3967,10,1,0
BRU2004,D,2743,1391,659,0.2402,8,1,0
BUR1998,D,2824,1372,685,0.2426,0,1,0
CAC2010,C,2948,1299,936,0.3175,12,1,0
CAN2002,D,1999,599,375,0.1876,2,1,1
CAO2026,D,2532,922,467,0.1844,0,0,0
CAO2026B,C,2537,990,824,0.3248,0,1,0
CAR2008,D,2805,1290,318,0.1134,0,1,1
CAS2009,C,2361,1086,657,0.2783,9,1,0
CHA2014,D,2401,1052,667,0.2778,0,1,0
CHA2016,D,2690,1038,471,0.1751,2,1,1
CHE2008,C,2701,969,955,0.3536,10,1,0
CHE2009,C,2243,960,666,0.2969,0,1,0
CHE2018,D,2653,1390,658,0.248,0,1,0
CHEN2026,C,2361,899,770,0.3261,8,1,0
CHEN2026B,D,1907,402,848,0.4447,0,1,0
CHEN2026C,C,3203,1333,1096,0.3422,0,1,0
CHI2012,D,1989,763,617,0.3102,0,1,0
CHO1996,D,2495,906,917,0.3675,10,1,0
CHR2009,D,2945,1524,707,0.2401,0,1,0
CHU1992,D,2333,1025,677,0.2902,0,1,0
CHU2019,B,3429,1752,922,0.2689,11,1,0
CON2021,D,2919,1414,691,0.2367,0,1,0
CUI2026,C,2169,676,813,0.3748,0,1,0
CUN2007,D,3278,1633,958,0.2923,11,1,0
DAB2026,D,1513,0,708,0.4679,10,0,0
DEL2009,D,2503,1069,766,0.306,11,1,0
DEL2011,C,2271,976,635,0.2796,0,1,0
DEM2009,D,2531,930,955,0.3773,12,1,0
DEM2014,D,2201,902,654,0.2971,0,1,0
DEM2016,D,2536,1030,360,0.142,2,1,1
DEMMINGS2026,D,2677,1062,427,0.1595,0,0,0
DEN2026,C,2204,542,923,0.4188,10,1,0
DEOLIVEIRA2026,D,2394,861,735,0.307,0,1,0
DIB2012,D,2495,1072,279,0.1118,0,1,1
DIB2013,D,2288,1053,604,0.264,0,1,0
DIB2015,D,2482,1313,548,0.2208,9,1,0
DOR2006,D,2110,754,723,0.3427,10,1,0
DRU2009,B,3326,1875,736,0.2213,12,1,0
DUR2012,D,2440,1153,687,0.2816,8,1,0
EFE2012,C,3228,1905,704,0.2181,0,1,0
EGA2010,D,2234,921,664,0.2972,0,1,0
EHN2008,C,2720,1469,642,0.236,0,1,0
EVA2026,D,3198,1230,1179,0.3687,0,1,0
FAN2026,D,3353,1520,1095,0.3266,10,1,0
FEL2009,D,3713,2027,952,0.2564,12,1,0
FIN2002,D,2729,1385,685,0.251,0,1,0
FLY2013,C,2976,1370,934,0.3138,12,1,0
FOK2014,C,2547,1267,637,0.2501,9,1,0
FON2010,D,2887,1219,1046,0.3623,11,1,0
FOR2010,C,3365,1707,906,0.2692,0,1,0
FRA2013,B,4453,2499,687,0.1543,4,1,1
FRI2006,D,2214,891,677,0.3058,0,1,0
FU2026,D,2200,679,743,0.3377,8,1,0
GAN2009,D,2443,1105,652,0.2669,0,1,0
GAN2011,D,2808,1472,636,0.2265,0,1,0
GAO2026,D,2174,444,895,0.4117,10,1,0
GAO2026B,B,3129,1090,1224,0.3912,10,1,0
GAR2003,D,2478,1003,335,0.1352,1,1,1
GAR2008,D,3158,1818,639,0.2023,0,1,0
GAR2009,D,2891,1569,655,0.2266,0,1,0
GIL2026,B,2489,482,906,0.364,12,1,0
GIN1999,D,3372,2046,674,0.1999,0,1,0
GIN2026,D,3278,1185,1330,0.4057,0,1,0
GOB2016,D,1957,674,657,0.3357,0,1,0
GOR2026,D,4141,2072,1282,0.3096,0,1,0
GOU2023,D,2423,1088,670,0.2765,0,1,0
GRA2014,D,2478,1066,704,0.2841,9,1,0
GU2017,D,2674,984,511,0.1911,1,1,1
GUE2006,D,2874,987,615,0.214,5,1,1
GUE2007,D,1871,598,704,0.3763,12,1,0
GUE2009,C,2139,839,650,0.3039,8,1,0
GUIB2026,B,1403,0,279,0.1989,0,0,0
GUR2016,D,2016,800,620,0.3075,9,1,0
GUR2017,C,2222,967,690,0.3105,9,1,0
GWI2008,D,2715,1036,954,0.3514,13,1,0
HAFEZ2026,C,2032,632,695,0.342,8,1,0
HAL2012,C,3207,1515,927,0.2891,12,1,0
HAN2012,D,2294,937,738,0.3217,9,1,0
HAN2025,D,2415,641,1059,0.4385,11,1,0
HAR1998,D,3179,1703,329,0.1035,0,1,1
HAR2004,D,2588,784,622,0.2403,1,1,1
HAR2009,C,2787,1422,734,0.2634,12,1,0
HAR2014,C,3009,1460,867,0.2881,9,1,0
HARA2002,D,2473,889,891,0.3603,12,1,0
HE2025,D,2611,1128,852,0.3263,9,1,0
HE2026,C,1377,0,405,0.2941,0,0,0
HEI1991,D,2467,1045,793,0.3214,10,1,0
HEN2026,C,3852,1897,1119,0.2905,9,1,0
HOL2005,D,2357,1051,647,0.2745,0,1,0
HOS2009,D,2832,1091,515,0.1819,3,1,1
HOW2017,D,2759,1018,947,0.3432,12,1,0
HOX2019,D,2487,1187,651,0.2618,0,1,0
HSI2010,D,2284,882,704,0.3082,9,1,0
HSI2012,D,2911,1155,1037,0.3562,13,1,0
HSU2011,D,2329,943,707,0.3036,8,1,0
HUANG2026,D,2018,661,649,0.3216,8,1,0
HUD2007,B,3428,1910,873,0.2547,10,1,0
INO2002,D,2634,1086,447,0.1697,4,1,1
INO2003,D,2617,951,556,0.2125,3,1,1
INO2006,D,2289,981,679,0.2966,0,1,0
INOK2003,D,2182,740,295,0.1352,1,1,1
IYE2012,B,2287,871,804,0.3516,0,1,0
JAC2004,D,2163,812,714,0.3301,9,1,0
JAC2006,D,2518,1096,335,0.133,0,1,1
JAC2026,C,2926,1078,1178,0.4026,11,1,0
JAN2010,D,2608,1250,708,0.2715,0,1,0
JEW2015,D,2357,952,305,0.1294,1,1,1
JIB2026,D,1962,404,870,0.4434,10,1,0
JIN2026,D,1945,420,844,0.4339,8,1,0
JIN2026B,C,2722,1148,846,0.3108,0,1,0
JOH2013,D,2251,725,886,0.3936,12,1,0
JOS2024,D,2926,1104,1072,0.3664,11,1,0
JUN2015,D,2560,1182,688,0.2687,9,1,0
KAE2005,C,2039,697,727,0.3565,10,1,0
KAH2000,B,3266,1806,779,0.2385,10,1,0
KAL2010,D,2390,933,785,0.3285,0,1,0
KAP2004,C,2673,1330,699,0.2615,11,1,0
KAR2017,D,2391,1070,652,0.2727,0,1,0
KEN2016,D,2505,938,904,0.3609,12,1,0
KIM2002,D,2580,884,502,0.1946,4,1,1
KIM2003,D,2628,894,962,0.3661,11,1,0
KIM2008,D,2124,862,644,0.3032,0,1,0
KIM2011,D,2843,1216,497,0.1748,4,1,1
KIM2012,D,2252,991,623,0.2766,0,1,0
KIM2019,D,1819,608,627,0.3447,0,1,0
KNO2026,D,2484,1069,388,0.1562,0,0,0
KRA2018,B,4991,3194,1030,0.2064,12,1,0
KRISTIANSEN2026,C,2603,888,917,0.3523,9,1,0
KRU2010,B,3746,2308,786,0.2098,11,1,0
KUO1992,D,2407,1134,671,0.2788,9,1,0
LAB2015,D,2924,1195,983,0.3362,12,1,0
LAM2012,C,2407,914,360,0.1496,3,1,1
LANDOAS2026,B,2224,761,779,0.3503,0,1,0
LAP2012,D,2074,569,902,0.4349,11,1,0
LASSILA2026,B,2624,1019,856,0.3262,0,1,0
LAW2018,D,2456,1061,708,0.2883,0,1,0
LAW2019,D,2416,1081,687,0.2844,0,1,0
LEE2010,C,2631,962,1023,0.3888,8,1,0
LEE2024,A,3210,1197,844,0.2629,5,1,1
LEE2026,C,3687,1769,1158,0.3141,0,1,0
LEI2018,D,2484,1016,747,0.3007,10,1,0
LI2026,D,1744,269,790,0.453,9,1,0
LI2026B,D,2584,907,948,0.3669,0,1,0
LIANG2026,D,2277,660,880,0.3865,0,1,0
LIS2026,C,1779,337,771,0.4334,10,1,0
LIU2015,D,2383,1095,655,0.2749,0,1,0
LIU2020,D,2390,798,914,0.3824,13,1,0
LIX2010,C,2240,958,663,0.296,9,1,0
LOE2002,D,2404,945,332,0.1381,1,1,1
LOF2011,D,2339,1008,711,0.304,11,1,0
LON2005,D,2567,1364,607,0.2365,9,1,0
LU2026,D,3948,1814,1327,0.3361,0,1,0
LV2026,C,1989,386,924,0.4646,9,1,0
LV2026S,C,3100,1051,1251,0.4035,10,1,0
MA2005,D,2739,974,598,0.2183,0,1,1
MA2026,C,1798,297,822,0.4572,9,1,0
MADKOUR2026,C,2427,929,822,0.3387,0,1,0
MAJ2004,C,2569,1204,708,0.2756,8,1,0
MAN2014,B,2300,977,690,0.3,10,1,0
MAN2018,B,2749,1041,984,0.3579,11,1,0
MAN2021,B,6858,4971,1063,0.155,11,1,0
MAR2012,D,3056,1459,915,0.2994,12,1,0
MAR2026,B,2387,495,931,0.39,11,1,0
MARCHANT2026,C,1921,375,860,0.4477,0,1,0
MAT2017,C,2422,970,806,0.3328,10,1,0
MAX2009,D,1960,676,656,0.3347,10,1,0
MCC2011,B,3842,2104,1003,0.2611,11,1,0
MCNEILL2026,B,1502,80,720,0.4794,0,1,0
MEI2008,C,3110,1674,673,0.2164,0,1,0
MEL2003,C,2419,928,418,0.1728,2,1,1
MEN2014,D,2524,1029,341,0.1351,1,1,1
MEN2023,C,3166,1484,985,0.3111,12,1,0
MIAO2026,C,2390,786,885,0.3703,0,1,0
MIL2011,C,2485,869,900,0.3622,12,1,0
MIL2014,C,2100,773,673,0.3205,9,1,0
MOE2025,B,3481,1472,804,0.231,4,1,1
MOR2013,D,2426,1123,658,0.2712,0,1,0
MOS2018,D,2007,765,618,0.3079,9,1,0
MOT2008,B,3651,2176,819,0.2243,11,1,0
MUT2026,—,2798,1237,920,0.3288,10,1,0
NAP2020,D,2791,1499,663,0.2375,0,1,0
NAT2026,C,3026,1204,1067,0.3526,13,1,0
NAZ2013,D,2445,1098,696,0.2847,0,1,0
NCT05835999,—,3083,1355,1039,0.337,11,1,0
NEF2013,C,2649,1358,642,0.2424,9,1,0
NOJ2003,D,2494,1104,671,0.269,0,1,0
NOR2026,D,2744,1046,483,0.176,0,0,0
ORE2006,D,2848,1434,291,0.1022,0,1,1
OSH2007,D,3135,1787,619,0.1974,0,1,0
PAN2013,D,2236,907,677,0.3028,0,1,0
PAR2014,D,2308,1052,617,0.2673,0,1,0
PEN2017,D,2858,1663,607,0.2124,0,1,0
PEREZ2026,C,3370,1216,1377,0.4086,0,1,0
PET2009,D,2665,1038,884,0.3317,11,1,0
PET2011,D,2261,942,675,0.2985,9,1,0
PET2013,D,2460,1075,679,0.276,9,1,0
PIR2026,D,2522,619,1000,0.3965,11,1,0
PLEDGER2026,D,2105,682,767,0.3644,8,1,0
POL2008,C,2370,1038,715,0.3017,0,1,0
POR2008,D,2315,968,675,0.2916,9,1,0
POU2013,B,2953,1374,831,0.2814,10,1,0
POW2006,C,2482,1236,615,0.2478,0,1,0
POW2011,D,2004,771,591,0.2949,9,1,0
PRI1992,D,2082,794,674,0.3237,9,1,0
PYO2013,C,2339,865,355,0.1518,2,1,1
RAO2026,D,2604,932,928,0.3564,0,1,0
RAUCH2026,D,2226,817,756,0.3396,8,1,0
RAV2004,C,2529,1068,768,0.3037,10,1,0
REB2015,D,2502,1070,310,0.1239,2,1,1
REN2026,C,2262,781,778,0.3439,8,1,0
ROB2012,C,2358,1043,679,0.288,0,1,0
ROB2013,D,2202,893,685,0.3111,9,1,0
ROC2012,D,2689,1357,642,0.2388,0,1,0
ROD2011,D,2490,1100,722,0.29,0,1,0
ROD2016,D,2853,1479,722,0.2531,9,1,0
ROG2019,D,2393,1013,272,0.1137,0,1,1
ROM2001,D,2716,1298,742,0.2732,12,1,0
ROM2016,B,2717,1276,783,0.2882,9,1,0
SAB1994,D,2454,968,379,0.1544,2,1,1
SAB1995,D,2997,1677,653,0.2179,0,1,0
SAB2017,D,2523,1133,641,0.2541,9,1,0
SAC2011,D,2304,1009,648,0.2812,0,1,0
SAN2007,D,2718,1035,512,0.1884,4,1,1
SAN2008,D,2456,936,403,0.1641,2,1,1
SAN2010,D,2707,961,538,0.1987,5,1,1
SANG2026,D,3268,1279,1239,0.3791,0,1,0
SAR2004,D,3051,1282,541,0.1773,5,1,1
SAR2005,D,2204,826,300,0.1361,2,1,1
SAR2006,D,2767,1003,592,0.214,4,1,1
SAU2003,D,2654,1310,241,0.0908,1,1,1
SAX2015,D,2401,930,800,0.3332,10,1,0
SAX2016,D,2867,1529,713,0.2487,9,1,0
SAX2017,D,2028,742,687,0.3388,11,1,0
SAX2026,B,3191,1202,1200,0.3761,10,1,0
SCA2020,D,2394,1111,667,0.2786,0,1,0
SCH2003,D,2693,1388,653,0.2425,9,1,0
SCH2025,B,3790,1840,1196,0.3156,12,1,0
SCI2014,D,2699,1487,568,0.2104,0,1,0
SEL2009,C,2586,890,607,0.2347,3,1,1
SEN2010,D,3176,1918,670,0.211,0,1,0
SET2011,D,2499,928,889,0.3557,11,1,0
SET2012,D,2641,1202,289,0.1094,0,1,1
SHA2004,D,2882,1255,465,0.1613,1,1,1
SHE2018,D,2501,1201,687,0.2747,0,1,0
SHE2019,D,2254,1001,639,0.2835,0,1,0
SHI2014,D,1783,496,634,0.3556,9,1,0
SHIMADA2026,B,2575,979,951,0.3693,0,1,0
SHW2004,D,3148,1547,827,0.2627,0,1,0
SIL2026,C,3226,1742,375,0.1162,0,0,0
SIN2013,C,2356,959,728,0.309,0,1,0
SOL2014,C,2613,1085,838,0.3207,10,1,0
SONH2026,C,2265,543,896,0.3956,12,1,0
SPI2010,C,3321,1576,962,0.2897,12,1,0
SRI2026,C,2687,1017,1024,0.3811,0,1,0
STO2003,D,2003,730,648,0.3235,9,1,0
STR2012,C,2695,924,989,0.367,10,1,0
STU2018,D,1727,507,630,0.3648,0,1,0
SU2026,C,1944,505,790,0.4064,0,1,0
SUN2026,B,2390,868,803,0.336,0,1,0
SUX2017,D,2302,981,686,0.298,0,1,0
SZW2021,D,2515,1294,603,0.2398,0,1,0
TAN2024,—,3421,1737,983,0.2873,10,1,0
TAO2026,C,1318,0,270,0.2049,0,0,0
TEE2003,D,3517,1938,386,0.1098,3,1,1
THO2009,D,2956,1091,594,0.2009,3,1,1
THO2012,D,3474,1882,906,0.2608,11,1,0
TIW2026,D,1454,0,737,0.5069,10,0,0
TSU2013,D,2300,921,688,0.2991,9,1,0
ULL2026,D,3168,1084,1168,0.3687,13,1,0
UMX2004,C,2722,1443,680,0.2498,10,1,0
URF2017,C,2854,1339,353,0.1237,3,1,1
VAL2017,D,2319,871,754,0.3251,10,1,0
VAL2019,D,2476,1241,615,0.2484,0,1,0
VAL2022,D,3175,1631,886,0.2791,0,1,0
VAN2007,D,2588,1330,651,0.2515,0,1,0
VEL2003,C,1913,599,751,0.3926,10,1,0
VER2026,C,1968,324,918,0.4665,11,1,0
VEZ1975,D,2363,806,822,0.3479,9,1,0
VITTE2026,A,3645,1842,1065,0.2922,0,1,0
WAG2014,B,2497,1003,798,0.3196,9,1,0
WALTER2026,B,2005,472,822,0.41,0,1,0
WAN2011,C,2431,1158,664,0.2731,0,1,0
WAN2015,D,2340,1033,648,0.2769,10,1,0
WANG2026,D,3268,1199,1262,0.3862,0,1,0
WANG2026B,D,2425,979,805,0.332,0,1,0
WEI2008,D,2438,1147,679,0.2785,0,1,0
WEN2026,C,2254,888,781,0.3465,0,1,0
WIL2012,C,2589,930,946,0.3654,12,1,0
WOL2015,D,2279,880,313,0.1373,1,1,1
WOL2017,D,2671,1377,655,0.2452,0,1,0
WOLF2017,D,1744,513,609,0.3492,0,1,0
WUL2006,D,1788,620,626,0.3501,0,1,0
WUX2013,C,2271,923,681,0.2999,0,1,0
WYA2017,D,2396,1004,712,0.2972,10,1,0
XIA2026,D,2700,761,1211,0.4485,11,1,0
XIE2026,C,2135,633,781,0.3658,0,1,0
XU2026,B,2443,940,812,0.3324,0,1,0
YAN2006,D,2308,985,650,0.2816,0,1,0
YAN2013,D,2912,1285,953,0.3273,10,1,0
YAN2017,D,2645,1397,635,0.2401,0,1,0
YAN2026,C,1996,408,877,0.4394,9,1,0
YANG2026,C,2257,599,866,0.3837,0,1,0
YAO2011,B,3851,2228,908,0.2358,10,1,0
YAO2026,C,2358,796,853,0.3617,0,1,0
YIN2026,D,2692,1049,968,0.3596,0,1,0
YU2026,C,2457,688,943,0.3838,0,1,0
YUX2010,D,2701,1318,304,0.1126,0,1,1
YUX2011,D,2440,996,300,0.123,0,1,1
ZEN2013,C,3416,2191,633,0.1853,0,1,0
ZHAI2026,C,2234,802,768,0.3438,0,1,0
ZHANG2026,C,2111,677,740,0.3505,0,1,0
ZHANG2026B,C,2343,694,881,0.376,0,1,0
ZHANG2026C,C,2549,946,844,0.3311,0,1,0
ZHO2001,D,2712,1390,676,0.2493,11,1,0
ZHO2009,C,2475,1070,698,0.282,0,1,0
ZHOU2026,D,2361,727,924,0.3914,0,1,0
ZHOU2026B,C,2257,757,793,0.3514,0,1,0
ZHU2026,C,1952,315,938,0.4805,11,1,0
ZID2009,C,2802,1186,919,0.328,12,1,0
ZIN2011,D,2278,1062,644,0.2827,0,1,0
ZON2010,D,1914,649,610,0.3187,0,1,0
ZON2011,D,2709,971,522,0.1927,4,1,1
