sid,tier,chars_total,chars_abstract,chars_unique,ratio_unique,n_entity_links,has_extracted,has_academy_link,chars_tier_why,chars_atlas_block,n_atlas_links
ABR2026,D,2662,1384,305,0.1146,0,0,0,0,0,0
ALS2026,C,2925,1333,492,0.1682,0,0,0,0,0,0
ANA2019,D,2211,901,292,0.1321,0,1,0,0,0,0
ARA2009,C,2990,1767,277,0.0926,1,1,0,0,0,0
ARR2015,C,3409,1598,792,0.2323,0,1,0,0,0,0
AYL2015,D,2073,866,272,0.1312,0,1,0,0,0,0
BAB2025,C,3116,1297,717,0.2301,1,1,0,0,0,0
BAN2014,B,3833,2139,543,0.1417,2,1,0,0,0,0
BANERJEE2026,D,1848,315,447,0.2419,1,1,0,0,0,0
BAR2012,D,2448,995,321,0.1311,1,1,1,0,0,0
BAR2013,D,3053,1257,547,0.1792,2,1,1,0,0,0
BAR2016,D,2327,1004,286,0.1229,0,1,0,0,0,0
BAS2012,B,3901,2216,559,0.1433,3,1,0,0,0,0
BAT2022,D,2039,866,246,0.1206,0,1,0,0,0,0
BCH2026,C,3226,1612,552,0.1711,2,1,0,0,0,0
BEN2008,C,2505,1080,394,0.1573,0,1,0,0,0,0
BEN2013,D,2196,845,318,0.1448,1,1,0,0,0,0
BEN2016,D,2396,1018,339,0.1415,1,1,0,0,0,0
BET2013,D,2523,1020,307,0.1217,0,1,0,0,0,0
BETZ2013,D,1950,721,243,0.1246,0,1,0,0,0,0
BIS2008,B,3030,1677,274,0.0904,1,1,0,0,0,0
BIS2013,B,4063,2373,523,0.1287,3,1,0,0,0,0
BIT2016,C,2370,997,372,0.157,3,1,0,0,0,0
BJE2010,C,2325,953,339,0.1458,4,1,0,0,0,0
BLA2006,D,3014,1622,400,0.1327,3,1,0,0,0,0
BO2026,D,1907,360,413,0.2166,2,1,0,0,0,0
BOD2001,C,2694,1246,332,0.1232,1,1,1,0,0,0
BOU2020,D,3002,1289,592,0.1972,1,1,0,0,0,0
BRO1994,D,2423,1153,301,0.1242,0,1,0,0,0,0
BRO1996,C,2032,607,484,0.2382,1,1,0,0,0,0
BRU1997,D,2133,832,308,0.1444,0,1,0,0,0,0
BRU1999,D,2420,798,584,0.2413,2,1,0,0,0,0
BRU2004,D,2743,1391,283,0.1032,0,1,0,0,0,0
BUR1998,D,2824,1372,309,0.1094,0,1,0,0,0,0
CAC2010,C,2948,1299,560,0.19,4,1,0,0,0,0
CAN2002,D,1999,599,375,0.1876,2,1,1,0,0,0
CAO2026,D,2532,922,467,0.1844,0,0,0,0,0,0
CAO2026B,C,2537,990,448,0.1766,0,1,0,0,0,0
CAR2008,D,2805,1290,318,0.1134,0,1,1,0,0,0
CAS2009,C,2361,1086,281,0.119,1,1,0,0,0,0
CHA2014,D,2401,1052,291,0.1212,0,1,0,0,0,0
CHA2016,D,2690,1038,471,0.1751,2,1,1,0,0,0
CHE2008,C,2701,969,579,0.2144,2,1,0,0,0,0
CHE2009,C,2243,960,290,0.1293,0,1,0,0,0,0
CHE2018,D,2653,1390,282,0.1063,0,1,0,0,0,0
CHEN2026,C,2361,899,394,0.1669,0,1,0,0,0,0
CHEN2026B,D,1907,402,472,0.2475,0,1,0,0,0,0
CHEN2026C,C,3203,1333,720,0.2248,0,1,0,0,0,0
CHI2012,D,1989,763,241,0.1212,0,1,0,0,0,0
CHO1996,D,2495,906,541,0.2168,2,1,0,0,0,0
CHR2009,D,2945,1524,331,0.1124,0,1,0,0,0,0
CHU1992,D,2333,1025,301,0.129,0,1,0,0,0,0
CHU2019,B,3429,1752,546,0.1592,3,1,0,0,0,0
CON2021,D,2919,1414,315,0.1079,0,1,0,0,0,0
CUI2026,C,2169,676,437,0.2015,0,1,0,0,0,0
CUN2007,D,3278,1633,582,0.1775,3,1,0,0,0,0
DAB2026,D,1513,0,332,0.2194,2,0,0,0,0,0
DEL2009,D,2503,1069,390,0.1558,3,1,0,0,0,0
DEL2011,C,2271,976,259,0.114,0,1,0,0,0,0
DEM2009,D,2531,930,579,0.2288,4,1,0,0,0,0
DEM2014,D,2201,902,278,0.1263,0,1,0,0,0,0
DEM2016,D,2536,1030,360,0.142,2,1,1,0,0,0
DEMMINGS2026,D,2677,1062,427,0.1595,0,0,0,0,0,0
DEN2026,C,2204,542,547,0.2482,2,1,0,0,0,0
DEOLIVEIRA2026,D,2394,861,359,0.15,0,1,0,0,0,0
DIB2012,D,2495,1072,279,0.1118,0,1,1,0,0,0
DIB2013,D,2288,1053,228,0.0997,0,1,0,0,0,0
DIB2015,D,2482,1313,172,0.0693,1,1,0,0,0,0
DOR2006,D,2110,754,347,0.1645,2,1,0,0,0,0
DRU2009,B,3326,1875,360,0.1082,4,1,0,0,0,0
DUR2012,D,2440,1153,311,0.1275,0,1,0,0,0,0
EFE2012,C,3228,1905,328,0.1016,0,1,0,0,0,0
EGA2010,D,2234,921,288,0.1289,0,1,0,0,0,0
EHN2008,C,2720,1469,266,0.0978,0,1,0,0,0,0
EVA2026,D,3198,1230,803,0.2511,0,1,0,0,0,0
FAN2026,D,3353,1520,719,0.2144,2,1,0,0,0,0
FEL2009,D,3713,2027,576,0.1551,4,1,0,0,0,0
FIN2002,D,2729,1385,309,0.1132,0,1,0,0,0,0
FLY2013,C,2976,1370,558,0.1875,4,1,0,0,0,0
FOK2014,C,2547,1267,261,0.1025,1,1,0,0,0,0
FON2010,D,2887,1219,670,0.2321,3,1,0,0,0,0
FOR2010,C,3365,1707,530,0.1575,0,1,0,0,0,0
FRA2013,B,4453,2499,687,0.1543,4,1,1,0,0,0
FRI2006,D,2214,891,301,0.136,0,1,0,0,0,0
FU2026,D,2200,679,367,0.1668,0,1,0,0,0,0
GAN2009,D,2443,1105,276,0.113,0,1,0,0,0,0
GAN2011,D,2808,1472,260,0.0926,0,1,0,0,0,0
GAO2026,D,2174,444,519,0.2387,2,1,0,0,0,0
GAO2026B,B,3129,1090,848,0.271,2,1,0,0,0,0
GAR2003,D,2478,1003,335,0.1352,1,1,1,0,0,0
GAR2008,D,3158,1818,263,0.0833,0,1,0,0,0,0
GAR2009,D,2891,1569,279,0.0965,0,1,0,0,0,0
GIL2026,B,2489,482,530,0.2129,4,1,0,0,0,0
GIN1999,D,3372,2046,298,0.0884,0,1,0,0,0,0
GIN2026,D,3278,1185,954,0.291,0,1,0,0,0,0
GOB2016,D,1957,674,281,0.1436,0,1,0,0,0,0
GOR2026,D,4141,2072,906,0.2188,0,1,0,0,0,0
GOU2023,D,2423,1088,294,0.1213,0,1,0,0,0,0
GRA2014,D,2478,1066,328,0.1324,1,1,0,0,0,0
GU2017,D,2674,984,511,0.1911,1,1,1,0,0,0
GUE2006,D,2874,987,615,0.214,5,1,1,0,0,0
GUE2007,D,1871,598,328,0.1753,4,1,0,0,0,0
GUE2009,C,2139,839,274,0.1281,0,1,0,0,0,0
GUIB2026,B,1403,0,279,0.1989,0,0,0,0,0,0
GUR2016,D,2016,800,244,0.121,1,1,0,0,0,0
GUR2017,C,2222,967,314,0.1413,1,1,0,0,0,0
GWI2008,D,2715,1036,578,0.2129,5,1,0,0,0,0
HAFEZ2026,C,2032,632,319,0.157,0,1,0,0,0,0
HAL2012,C,3207,1515,551,0.1718,4,1,0,0,0,0
HAN2012,D,2294,937,362,0.1578,1,1,0,0,0,0
HAN2025,D,2415,641,683,0.2828,3,1,0,0,0,0
HAR1998,D,3179,1703,329,0.1035,0,1,1,0,0,0
HAR2004,D,2588,784,622,0.2403,1,1,1,0,0,0
HAR2009,C,2787,1422,358,0.1285,4,1,0,0,0,0
HAR2014,C,3009,1460,491,0.1632,1,1,0,0,0,0
HARA2002,D,2473,889,515,0.2082,4,1,0,0,0,0
HE2025,D,2611,1128,476,0.1823,1,1,0,0,0,0
HE2026,C,1377,0,405,0.2941,0,0,0,0,0,0
HEI1991,D,2467,1045,417,0.169,2,1,0,0,0,0
HEN2026,C,3852,1897,743,0.1929,1,1,0,0,0,0
HOL2005,D,2357,1051,271,0.115,0,1,0,0,0,0
HOS2009,D,2832,1091,515,0.1819,3,1,1,0,0,0
HOW2017,D,2759,1018,571,0.207,4,1,0,0,0,0
HOX2019,D,2487,1187,275,0.1106,0,1,0,0,0,0
HSI2010,D,2284,882,328,0.1436,1,1,0,0,0,0
HSI2012,D,2911,1155,661,0.2271,5,1,0,0,0,0
HSU2011,D,2329,943,331,0.1421,0,1,0,0,0,0
HUANG2026,D,2018,661,273,0.1353,0,1,0,0,0,0
HUD2007,B,3428,1910,497,0.145,2,1,0,0,0,0
INO2002,D,2634,1086,447,0.1697,4,1,1,0,0,0
INO2003,D,2617,951,556,0.2125,3,1,1,0,0,0
INO2006,D,2289,981,303,0.1324,0,1,0,0,0,0
INOK2003,D,2182,740,295,0.1352,1,1,1,0,0,0
IYE2012,B,2287,871,428,0.1871,0,1,0,0,0,0
JAC2004,D,2163,812,338,0.1563,1,1,0,0,0,0
JAC2006,D,2518,1096,335,0.133,0,1,1,0,0,0
JAC2026,C,2926,1078,802,0.2741,3,1,0,0,0,0
JAN2010,D,2608,1250,332,0.1273,0,1,0,0,0,0
JEW2015,D,2357,952,305,0.1294,1,1,1,0,0,0
JIB2026,D,1962,404,494,0.2518,2,1,0,0,0,0
JIN2026,D,1945,420,468,0.2406,0,1,0,0,0,0
JIN2026B,C,2722,1148,470,0.1727,0,1,0,0,0,0
JOH2013,D,2251,725,510,0.2266,4,1,0,0,0,0
JOS2024,D,2926,1104,696,0.2379,3,1,0,0,0,0
JUN2015,D,2560,1182,312,0.1219,1,1,0,0,0,0
KAE2005,C,2039,697,351,0.1721,2,1,0,0,0,0
KAH2000,B,3266,1806,403,0.1234,2,1,0,0,0,0
KAL2010,D,2390,933,409,0.1711,0,1,0,0,0,0
KAP2004,C,2673,1330,323,0.1208,3,1,0,0,0,0
KAR2017,D,2391,1070,276,0.1154,0,1,0,0,0,0
KEN2016,D,2505,938,528,0.2108,4,1,0,0,0,0
KIM2002,D,2580,884,502,0.1946,4,1,1,0,0,0
KIM2003,D,2628,894,586,0.223,3,1,0,0,0,0
KIM2008,D,2124,862,268,0.1262,0,1,0,0,0,0
KIM2011,D,2843,1216,497,0.1748,4,1,1,0,0,0
KIM2012,D,2252,991,247,0.1097,0,1,0,0,0,0
KIM2019,D,1819,608,251,0.138,0,1,0,0,0,0
KNO2026,D,2484,1069,388,0.1562,0,0,0,0,0,0
KRA2018,B,4991,3194,654,0.131,4,1,0,0,0,0
KRISTIANSEN2026,C,2603,888,541,0.2078,1,1,0,0,0,0
KRU2010,B,3746,2308,410,0.1095,3,1,0,0,0,0
KUO1992,D,2407,1134,295,0.1226,1,1,0,0,0,0
LAB2015,D,2924,1195,607,0.2076,4,1,0,0,0,0
LAM2012,C,2407,914,360,0.1496,3,1,1,0,0,0
LANDOAS2026,B,2224,761,403,0.1812,0,1,0,0,0,0
LAP2012,D,2074,569,526,0.2536,3,1,0,0,0,0
LASSILA2026,B,2624,1019,480,0.1829,0,1,0,0,0,0
LAW2018,D,2456,1061,332,0.1352,0,1,0,0,0,0
LAW2019,D,2416,1081,311,0.1287,0,1,0,0,0,0
LEE2010,C,2631,962,647,0.2459,0,1,0,0,0,0
LEE2024,A,3210,1197,844,0.2629,5,1,1,0,0,0
LEE2026,C,3687,1769,782,0.2121,0,1,0,0,0,0
LEI2018,D,2484,1016,371,0.1494,2,1,0,0,0,0
LI2026,D,1744,269,414,0.2374,1,1,0,0,0,0
LI2026B,D,2584,907,572,0.2214,0,1,0,0,0,0
LIANG2026,D,2277,660,504,0.2213,0,1,0,0,0,0
LIS2026,C,1779,337,395,0.222,2,1,0,0,0,0
LIU2015,D,2383,1095,279,0.1171,0,1,0,0,0,0
LIU2020,D,2390,798,538,0.2251,5,1,0,0,0,0
LIX2010,C,2240,958,287,0.1281,1,1,0,0,0,0
LOE2002,D,2404,945,332,0.1381,1,1,1,0,0,0
LOF2011,D,2339,1008,335,0.1432,3,1,0,0,0,0
LON2005,D,2567,1364,231,0.09,1,1,0,0,0,0
LU2026,D,3948,1814,951,0.2409,0,1,0,0,0,0
LV2026,C,1989,386,548,0.2755,1,1,0,0,0,0
LV2026S,C,3100,1051,875,0.2823,2,1,0,0,0,0
MA2005,D,2739,974,598,0.2183,0,1,1,0,0,0
MA2026,C,1798,297,446,0.2481,1,1,0,0,0,0
MADKOUR2026,C,2427,929,446,0.1838,0,1,0,0,0,0
MAJ2004,C,2569,1204,332,0.1292,0,1,0,0,0,0
MAN2014,B,2300,977,314,0.1365,2,1,0,0,0,0
MAN2018,B,2749,1041,608,0.2212,3,1,0,0,0,0
MAN2021,B,6858,4971,687,0.1002,3,1,0,0,0,0
MAR2012,D,3056,1459,539,0.1764,4,1,0,0,0,0
MAR2026,B,2387,495,555,0.2325,3,1,0,0,0,0
MARCHANT2026,C,1921,375,484,0.252,0,1,0,0,0,0
MAT2017,C,2422,970,430,0.1775,2,1,0,0,0,0
MAX2009,D,1960,676,280,0.1429,2,1,0,0,0,0
MCC2011,B,3842,2104,627,0.1632,3,1,0,0,0,0
MCNEILL2026,B,1502,80,344,0.229,0,1,0,0,0,0
MEI2008,C,3110,1674,297,0.0955,0,1,0,0,0,0
MEL2003,C,2419,928,418,0.1728,2,1,1,0,0,0
MEN2014,D,2524,1029,341,0.1351,1,1,1,0,0,0
MEN2023,C,3166,1484,609,0.1924,4,1,0,0,0,0
MIAO2026,C,2390,786,509,0.213,0,1,0,0,0,0
MIL2011,C,2485,869,524,0.2109,4,1,0,0,0,0
MIL2014,C,2100,773,297,0.1414,1,1,0,0,0,0
MOE2025,B,3481,1472,804,0.231,4,1,1,0,0,0
MOR2013,D,2426,1123,282,0.1162,0,1,0,0,0,0
MOS2018,D,2007,765,242,0.1206,1,1,0,0,0,0
MOT2008,B,3651,2176,443,0.1213,3,1,0,0,0,0
MUT2026,—,2798,1237,544,0.1944,2,1,0,0,0,0
NAP2020,D,2791,1499,287,0.1028,0,1,0,0,0,0
NAT2026,C,3026,1204,691,0.2284,5,1,0,0,0,0
NAZ2013,D,2445,1098,320,0.1309,0,1,0,0,0,0
NCT05835999,—,3083,1355,663,0.2151,3,1,0,0,0,0
NEF2013,C,2649,1358,266,0.1004,1,1,0,0,0,0
NOJ2003,D,2494,1104,295,0.1183,0,1,0,0,0,0
NOR2026,D,2744,1046,483,0.176,0,0,0,0,0,0
ORE2006,D,2848,1434,291,0.1022,0,1,1,0,0,0
OSH2007,D,3135,1787,243,0.0775,0,1,0,0,0,0
PAN2013,D,2236,907,301,0.1346,0,1,0,0,0,0
PAR2014,D,2308,1052,241,0.1044,0,1,0,0,0,0
PEN2017,D,2858,1663,231,0.0808,0,1,0,0,0,0
PEREZ2026,C,3370,1216,1001,0.297,0,1,0,0,0,0
PET2009,D,2665,1038,508,0.1906,3,1,0,0,0,0
PET2011,D,2261,942,299,0.1322,1,1,0,0,0,0
PET2013,D,2460,1075,303,0.1232,1,1,0,0,0,0
PIR2026,D,2522,619,624,0.2474,3,1,0,0,0,0
PLEDGER2026,D,2105,682,391,0.1857,0,1,0,0,0,0
POL2008,C,2370,1038,339,0.143,0,1,0,0,0,0
POR2008,D,2315,968,299,0.1292,1,1,0,0,0,0
POU2013,B,2953,1374,455,0.1541,2,1,0,0,0,0
POW2006,C,2482,1236,239,0.0963,0,1,0,0,0,0
POW2011,D,2004,771,215,0.1073,1,1,0,0,0,0
PRI1992,D,2082,794,298,0.1431,1,1,0,0,0,0
PYO2013,C,2339,865,355,0.1518,2,1,1,0,0,0
RAO2026,D,2604,932,552,0.212,0,1,0,0,0,0
RAUCH2026,D,2226,817,380,0.1707,0,1,0,0,0,0
RAV2004,C,2529,1068,392,0.155,2,1,0,0,0,0
REB2015,D,2502,1070,310,0.1239,2,1,1,0,0,0
REN2026,C,2262,781,402,0.1777,0,1,0,0,0,0
ROB2012,C,2358,1043,303,0.1285,0,1,0,0,0,0
ROB2013,D,2202,893,309,0.1403,1,1,0,0,0,0
ROC2012,D,2689,1357,266,0.0989,0,1,0,0,0,0
ROD2011,D,2490,1100,346,0.139,0,1,0,0,0,0
ROD2016,D,2853,1479,346,0.1213,1,1,0,0,0,0
ROG2019,D,2393,1013,272,0.1137,0,1,1,0,0,0
ROM2001,D,2716,1298,366,0.1348,4,1,0,0,0,0
ROM2016,B,2717,1276,407,0.1498,1,1,0,0,0,0
SAB1994,D,2454,968,379,0.1544,2,1,1,0,0,0
SAB1995,D,2997,1677,277,0.0924,0,1,0,0,0,0
SAB2017,D,2523,1133,265,0.105,1,1,0,0,0,0
SAC2011,D,2304,1009,272,0.1181,0,1,0,0,0,0
SAN2007,D,2718,1035,512,0.1884,4,1,1,0,0,0
SAN2008,D,2456,936,403,0.1641,2,1,1,0,0,0
SAN2010,D,2707,961,538,0.1987,5,1,1,0,0,0
SANG2026,D,3268,1279,863,0.2641,0,1,0,0,0,0
SAR2004,D,3051,1282,541,0.1773,5,1,1,0,0,0
SAR2005,D,2204,826,300,0.1361,2,1,1,0,0,0
SAR2006,D,2767,1003,592,0.214,4,1,1,0,0,0
SAU2003,D,2654,1310,241,0.0908,1,1,1,0,0,0
SAX2015,D,2401,930,424,0.1766,2,1,0,0,0,0
SAX2016,D,2867,1529,337,0.1175,1,1,0,0,0,0
SAX2017,D,2028,742,311,0.1534,3,1,0,0,0,0
SAX2026,B,3191,1202,824,0.2582,2,1,0,0,0,0
SCA2020,D,2394,1111,291,0.1216,0,1,0,0,0,0
SCH2003,D,2693,1388,277,0.1029,1,1,0,0,0,0
SCH2025,B,3790,1840,820,0.2164,4,1,0,0,0,0
SCI2014,D,2699,1487,192,0.0711,0,1,0,0,0,0
SEL2009,C,2586,890,607,0.2347,3,1,1,0,0,0
SEN2010,D,3176,1918,294,0.0926,0,1,0,0,0,0
SET2011,D,2499,928,513,0.2053,3,1,0,0,0,0
SET2012,D,2641,1202,289,0.1094,0,1,1,0,0,0
SHA2004,D,2882,1255,465,0.1613,1,1,1,0,0,0
SHE2018,D,2501,1201,311,0.1244,0,1,0,0,0,0
SHE2019,D,2254,1001,263,0.1167,0,1,0,0,0,0
SHI2014,D,1783,496,258,0.1447,1,1,0,0,0,0
SHIMADA2026,B,2575,979,575,0.2233,0,1,0,0,0,0
SHW2004,D,3148,1547,451,0.1433,0,1,0,0,0,0
SIL2026,C,3226,1742,375,0.1162,0,0,0,0,0,0
SIN2013,C,2356,959,352,0.1494,0,1,0,0,0,0
SOL2014,C,2613,1085,462,0.1768,2,1,0,0,0,0
SONH2026,C,2265,543,520,0.2296,4,1,0,0,0,0
SPI2010,C,3321,1576,586,0.1765,4,1,0,0,0,0
SRI2026,C,2687,1017,648,0.2412,0,1,0,0,0,0
STO2003,D,2003,730,272,0.1358,1,1,0,0,0,0
STR2012,C,2695,924,613,0.2275,2,1,0,0,0,0
STU2018,D,1727,507,254,0.1471,0,1,0,0,0,0
SU2026,C,1944,505,414,0.213,0,1,0,0,0,0
SUN2026,B,2390,868,427,0.1787,0,1,0,0,0,0
SUX2017,D,2302,981,310,0.1347,0,1,0,0,0,0
SZW2021,D,2515,1294,227,0.0903,0,1,0,0,0,0
TAN2024,—,3421,1737,607,0.1774,2,1,0,0,0,0
TAO2026,C,1318,0,270,0.2049,0,0,0,0,0,0
TEE2003,D,3517,1938,386,0.1098,3,1,1,0,0,0
THO2009,D,2956,1091,594,0.2009,3,1,1,0,0,0
THO2012,D,3474,1882,530,0.1526,3,1,0,0,0,0
TIW2026,D,1454,0,361,0.2483,2,0,0,0,0,0
TSU2013,D,2300,921,312,0.1357,1,1,0,0,0,0
ULL2026,D,3168,1084,792,0.25,5,1,0,0,0,0
UMX2004,C,2722,1443,304,0.1117,2,1,0,0,0,0
URF2017,C,2854,1339,353,0.1237,3,1,1,0,0,0
VAL2017,D,2319,871,378,0.163,2,1,0,0,0,0
VAL2019,D,2476,1241,239,0.0965,0,1,0,0,0,0
VAL2022,D,3175,1631,510,0.1606,0,1,0,0,0,0
VAN2007,D,2588,1330,275,0.1063,0,1,0,0,0,0
VEL2003,C,1913,599,375,0.196,2,1,0,0,0,0
VER2026,C,1968,324,542,0.2754,3,1,0,0,0,0
VEZ1975,D,2363,806,446,0.1887,1,1,0,0,0,0
VITTE2026,A,3645,1842,689,0.189,0,1,0,0,0,0
WAG2014,B,2497,1003,422,0.169,1,1,0,0,0,0
WALTER2026,B,2005,472,446,0.2224,0,1,0,0,0,0
WAN2011,C,2431,1158,288,0.1185,0,1,0,0,0,0
WAN2015,D,2340,1033,272,0.1162,2,1,0,0,0,0
WANG2026,D,3268,1199,886,0.2711,0,1,0,0,0,0
WANG2026B,D,2425,979,429,0.1769,0,1,0,0,0,0
WEI2008,D,2438,1147,303,0.1243,0,1,0,0,0,0
WEN2026,C,2254,888,405,0.1797,0,1,0,0,0,0
WIL2012,C,2589,930,570,0.2202,4,1,0,0,0,0
WOL2015,D,2279,880,313,0.1373,1,1,1,0,0,0
WOL2017,D,2671,1377,279,0.1045,0,1,0,0,0,0
WOLF2017,D,1744,513,233,0.1336,0,1,0,0,0,0
WUL2006,D,1788,620,250,0.1398,0,1,0,0,0,0
WUX2013,C,2271,923,305,0.1343,0,1,0,0,0,0
WYA2017,D,2396,1004,336,0.1402,2,1,0,0,0,0
XIA2026,D,2700,761,835,0.3093,3,1,0,0,0,0
XIE2026,C,2135,633,405,0.1897,0,1,0,0,0,0
XU2026,B,2443,940,436,0.1785,0,1,0,0,0,0
YAN2006,D,2308,985,274,0.1187,0,1,0,0,0,0
YAN2013,D,2912,1285,577,0.1981,2,1,0,0,0,0
YAN2017,D,2645,1397,259,0.0979,0,1,0,0,0,0
YAN2026,C,1996,408,501,0.251,1,1,0,0,0,0
YANG2026,C,2257,599,490,0.2171,0,1,0,0,0,0
YAO2011,B,3851,2228,532,0.1381,2,1,0,0,0,0
YAO2026,C,2358,796,477,0.2023,0,1,0,0,0,0
YIN2026,D,2692,1049,592,0.2199,0,1,0,0,0,0
YU2026,C,2457,688,567,0.2308,0,1,0,0,0,0
YUX2010,D,2701,1318,304,0.1126,0,1,1,0,0,0
YUX2011,D,2440,996,300,0.123,0,1,1,0,0,0
ZEN2013,C,3416,2191,257,0.0752,0,1,0,0,0,0
ZHAI2026,C,2234,802,392,0.1755,0,1,0,0,0,0
ZHANG2026,C,2111,677,364,0.1724,0,1,0,0,0,0
ZHANG2026B,C,2343,694,505,0.2155,0,1,0,0,0,0
ZHANG2026C,C,2549,946,468,0.1836,0,1,0,0,0,0
ZHO2001,D,2712,1390,300,0.1106,3,1,0,0,0,0
ZHO2009,C,2475,1070,322,0.1301,0,1,0,0,0,0
ZHOU2026,D,2361,727,548,0.2321,0,1,0,0,0,0
ZHOU2026B,C,2257,757,417,0.1848,0,1,0,0,0,0
ZHU2026,C,1952,315,562,0.2879,3,1,0,0,0,0
ZID2009,C,2802,1186,543,0.1938,4,1,0,0,0,0
ZIN2011,D,2278,1062,268,0.1176,0,1,0,0,0,0
ZON2010,D,1914,649,234,0.1223,0,1,0,0,0,0
ZON2011,D,2709,971,522,0.1927,4,1,1,0,0,0
